{"cameraMode":{"drawMode":0,"name":"Shaded","section":"Shading Mode"},"sceneLighting":true,"audioPlay":false,"sceneViewState":{"m_AlwaysRefresh":false,"showFog":true,"showSkybox":true,"showFlares":true,"showImageEffects":true,"showParticleSystems":true,"showVisualEffectGraphs":true,"m_FxEnabled":true},"in2DMode":false,"pivot":{"x":531.4171752929688,"y":354.8694763183594,"z":110.280029296875},"rotation":{"x":-0.060261473059654239,"y":-0.019865339621901513,"z":0.001198417623527348,"w":-0.997991681098938},"size":375.99371337890627,"orthographic":false}